<annotation>
	<folder>VOC2007</folder>
	<filename>000072.jpg</filename>
	<source>
		<database>The VOC2007 Database</database>
		<annotation>PASCAL VOC2007</annotation>
		<image>flickr</image>
		<flickrid>324707908</flickrid>
	</source>
	<owner>
		<flickrid>Les Benjamin</flickrid>
		<name>Benjamin</name>
	</owner>
	<size>
		<width>333</width>
		<height>500</height>
		<depth>3</depth>
	</size>
	<segmented>0</segmented>
	<object>
		<name>motorbike</name>
		<pose>Unspecified</pose>
		<truncated>1</truncated>
		<difficult>0</difficult>
		<bndbox>
			<xmin>40</xmin>
			<ymin>71</ymin>
			<xmax>333</xmax>
			<ymax>473</ymax>
		</bndbox>
	</object>
	<object>
		<name>motorbike</name>
		<pose>Unspecified</pose>
		<truncated>1</truncated>
		<difficult>1</difficult>
		<bndbox>
			<xmin>33</xmin>
			<ymin>42</ymin>
			<xmax>331</xmax>
			<ymax>136</ymax>
		</bndbox>
	</object>
</annotation>
