<annotation>
	<folder>VOC2007</folder>
	<filename>000163.jpg</filename>
	<source>
		<database>The VOC2007 Database</database>
		<annotation>PASCAL VOC2007</annotation>
		<image>flickr</image>
		<flickrid>335090393</flickrid>
	</source>
	<owner>
		<flickrid>Damien_Toman</flickrid>
		<name>Damien Toman</name>
	</owner>
	<size>
		<width>500</width>
		<height>432</height>
		<depth>3</depth>
	</size>
	<segmented>0</segmented>
	<object>
		<name>person</name>
		<pose>Unspecified</pose>
		<truncated>0</truncated>
		<difficult>0</difficult>
		<bndbox>
			<xmin>52</xmin>
			<ymin>22</ymin>
			<xmax>308</xmax>
			<ymax>328</ymax>
		</bndbox>
	</object>
	<object>
		<name>motorbike</name>
		<pose>Unspecified</pose>
		<truncated>0</truncated>
		<difficult>0</difficult>
		<bndbox>
			<xmin>26</xmin>
			<ymin>108</ymin>
			<xmax>456</xmax>
			<ymax>396</ymax>
		</bndbox>
	</object>
</annotation>
