<annotation>
	<folder>VOC2007</folder>
	<filename>000427.jpg</filename>
	<source>
		<database>The VOC2007 Database</database>
		<annotation>PASCAL VOC2007</annotation>
		<image>flickr</image>
		<flickrid>292305080</flickrid>
	</source>
	<owner>
		<flickrid>G'z</flickrid>
		<name>Greet Maris</name>
	</owner>
	<size>
		<width>500</width>
		<height>334</height>
		<depth>3</depth>
	</size>
	<segmented>0</segmented>
	<object>
		<name>motorbike</name>
		<pose>Right</pose>
		<truncated>0</truncated>
		<difficult>0</difficult>
		<bndbox>
			<xmin>39</xmin>
			<ymin>24</ymin>
			<xmax>386</xmax>
			<ymax>275</ymax>
		</bndbox>
	</object>
</annotation>
