<annotation>
	<folder>VOC2007</folder>
	<filename>000463.jpg</filename>
	<source>
		<database>The VOC2007 Database</database>
		<annotation>PASCAL VOC2007</annotation>
		<image>flickr</image>
		<flickrid>332233548</flickrid>
	</source>
	<owner>
		<flickrid>Qathi</flickrid>
		<name>Qathi Hart</name>
	</owner>
	<size>
		<width>500</width>
		<height>175</height>
		<depth>3</depth>
	</size>
	<segmented>0</segmented>
	<object>
		<name>motorbike</name>
		<pose>Unspecified</pose>
		<truncated>0</truncated>
		<difficult>0</difficult>
		<bndbox>
			<xmin>196</xmin>
			<ymin>77</ymin>
			<xmax>301</xmax>
			<ymax>165</ymax>
		</bndbox>
	</object>
	<object>
		<name>person</name>
		<pose>Right</pose>
		<truncated>0</truncated>
		<difficult>0</difficult>
		<bndbox>
			<xmin>221</xmin>
			<ymin>47</ymin>
			<xmax>283</xmax>
			<ymax>161</ymax>
		</bndbox>
	</object>
	<object>
		<name>car</name>
		<pose>Unspecified</pose>
		<truncated>1</truncated>
		<difficult>1</difficult>
		<bndbox>
			<xmin>482</xmin>
			<ymin>42</ymin>
			<xmax>500</xmax>
			<ymax>73</ymax>
		</bndbox>
	</object>
</annotation>
