<annotation>
	<folder>VOC2007</folder>
	<filename>000583.jpg</filename>
	<source>
		<database>The VOC2007 Database</database>
		<annotation>PASCAL VOC2007</annotation>
		<image>flickr</image>
		<flickrid>295753206</flickrid>
	</source>
	<owner>
		<flickrid>Hans Viveen</flickrid>
		<name>Hans Viveen</name>
	</owner>
	<size>
		<width>500</width>
		<height>276</height>
		<depth>3</depth>
	</size>
	<segmented>0</segmented>
	<object>
		<name>motorbike</name>
		<pose>Left</pose>
		<truncated>1</truncated>
		<difficult>0</difficult>
		<bndbox>
			<xmin>13</xmin>
			<ymin>87</ymin>
			<xmax>490</xmax>
			<ymax>248</ymax>
		</bndbox>
	</object>
	<object>
		<name>motorbike</name>
		<pose>Unspecified</pose>
		<truncated>1</truncated>
		<difficult>1</difficult>
		<bndbox>
			<xmin>239</xmin>
			<ymin>31</ymin>
			<xmax>348</xmax>
			<ymax>105</ymax>
		</bndbox>
	</object>
	<object>
		<name>person</name>
		<pose>Unspecified</pose>
		<truncated>1</truncated>
		<difficult>1</difficult>
		<bndbox>
			<xmin>233</xmin>
			<ymin>29</ymin>
			<xmax>319</xmax>
			<ymax>81</ymax>
		</bndbox>
	</object>
	<object>
		<name>person</name>
		<pose>Unspecified</pose>
		<truncated>1</truncated>
		<difficult>1</difficult>
		<bndbox>
			<xmin>111</xmin>
			<ymin>56</ymin>
			<xmax>129</xmax>
			<ymax>112</ymax>
		</bndbox>
	</object>
	<object>
		<name>person</name>
		<pose>Unspecified</pose>
		<truncated>1</truncated>
		<difficult>1</difficult>
		<bndbox>
			<xmin>132</xmin>
			<ymin>54</ymin>
			<xmax>152</xmax>
			<ymax>94</ymax>
		</bndbox>
	</object>
	<object>
		<name>person</name>
		<pose>Unspecified</pose>
		<truncated>1</truncated>
		<difficult>1</difficult>
		<bndbox>
			<xmin>156</xmin>
			<ymin>59</ymin>
			<xmax>171</xmax>
			<ymax>75</ymax>
		</bndbox>
	</object>
</annotation>
