<annotation>
	<folder>VOC2007</folder>
	<filename>000733.jpg</filename>
	<source>
		<database>The VOC2007 Database</database>
		<annotation>PASCAL VOC2007</annotation>
		<image>flickr</image>
		<flickrid>328177112</flickrid>
	</source>
	<owner>
		<flickrid>Aurelius Ross</flickrid>
		<name>?</name>
	</owner>
	<size>
		<width>450</width>
		<height>435</height>
		<depth>3</depth>
	</size>
	<segmented>1</segmented>
	<object>
		<name>person</name>
		<pose>Unspecified</pose>
		<truncated>0</truncated>
		<difficult>0</difficult>
		<bndbox>
			<xmin>48</xmin>
			<ymin>25</ymin>
			<xmax>273</xmax>
			<ymax>383</ymax>
		</bndbox>
	</object>
	<object>
		<name>motorbike</name>
		<pose>Unspecified</pose>
		<truncated>1</truncated>
		<difficult>0</difficult>
		<bndbox>
			<xmin>103</xmin>
			<ymin>201</ymin>
			<xmax>448</xmax>
			<ymax>435</ymax>
		</bndbox>
	</object>
</annotation>
