<annotation>
	<folder>VOC2007</folder>
	<filename>000892.jpg</filename>
	<source>
		<database>The VOC2007 Database</database>
		<annotation>PASCAL VOC2007</annotation>
		<image>flickr</image>
		<flickrid>321462293</flickrid>
	</source>
	<owner>
		<flickrid>Wiking66</flickrid>
		<name>Patrik Engman</name>
	</owner>
	<size>
		<width>500</width>
		<height>375</height>
		<depth>3</depth>
	</size>
	<segmented>0</segmented>
	<object>
		<name>person</name>
		<pose>Frontal</pose>
		<truncated>0</truncated>
		<difficult>0</difficult>
		<bndbox>
			<xmin>350</xmin>
			<ymin>191</ymin>
			<xmax>427</xmax>
			<ymax>375</ymax>
		</bndbox>
	</object>
	<object>
		<name>motorbike</name>
		<pose>Rear</pose>
		<truncated>0</truncated>
		<difficult>0</difficult>
		<bndbox>
			<xmin>190</xmin>
			<ymin>212</ymin>
			<xmax>344</xmax>
			<ymax>375</ymax>
		</bndbox>
	</object>
</annotation>
