<annotation>
	<folder>VOC2007</folder>
	<filename>001031.jpg</filename>
	<source>
		<database>The VOC2007 Database</database>
		<annotation>PASCAL VOC2007</annotation>
		<image>flickr</image>
		<flickrid>298597511</flickrid>
	</source>
	<owner>
		<flickrid>bluesbro20032003</flickrid>
		<name>BluesBro</name>
	</owner>
	<size>
		<width>347</width>
		<height>500</height>
		<depth>3</depth>
	</size>
	<segmented>0</segmented>
	<object>
		<name>person</name>
		<pose>Unspecified</pose>
		<truncated>0</truncated>
		<difficult>0</difficult>
		<bndbox>
			<xmin>43</xmin>
			<ymin>46</ymin>
			<xmax>227</xmax>
			<ymax>211</ymax>
		</bndbox>
	</object>
	<object>
		<name>motorbike</name>
		<pose>Unspecified</pose>
		<truncated>0</truncated>
		<difficult>0</difficult>
		<bndbox>
			<xmin>85</xmin>
			<ymin>174</ymin>
			<xmax>314</xmax>
			<ymax>454</ymax>
		</bndbox>
	</object>
</annotation>
