<annotation>
	<folder>VOC2007</folder>
	<filename>001068.jpg</filename>
	<source>
		<database>The VOC2007 Database</database>
		<annotation>PASCAL VOC2007</annotation>
		<image>flickr</image>
		<flickrid>317947154</flickrid>
	</source>
	<owner>
		<flickrid>mercury customs</flickrid>
		<name>JT</name>
	</owner>
	<size>
		<width>500</width>
		<height>332</height>
		<depth>3</depth>
	</size>
	<segmented>0</segmented>
	<object>
		<name>motorbike</name>
		<pose>Right</pose>
		<truncated>0</truncated>
		<difficult>0</difficult>
		<bndbox>
			<xmin>33</xmin>
			<ymin>23</ymin>
			<xmax>461</xmax>
			<ymax>316</ymax>
		</bndbox>
	</object>
</annotation>
