<annotation>
	<folder>VOC2007</folder>
	<filename>001008.jpg</filename>
	<source>
		<database>The VOC2007 Database</database>
		<annotation>PASCAL VOC2007</annotation>
		<image>flickr</image>
		<flickrid>293435935</flickrid>
	</source>
	<owner>
		<flickrid>albird</flickrid>
		<name>Alan Bird</name>
	</owner>
	<size>
		<width>500</width>
		<height>375</height>
		<depth>3</depth>
	</size>
	<segmented>0</segmented>
	<object>
		<name>motorbike</name>
		<pose>Frontal</pose>
		<truncated>0</truncated>
		<difficult>0</difficult>
		<bndbox>
			<xmin>220</xmin>
			<ymin>154</ymin>
			<xmax>300</xmax>
			<ymax>280</ymax>
		</bndbox>
	</object>
</annotation>
