<annotation>
	<folder>VOC2007</folder>
	<filename>001017.jpg</filename>
	<source>
		<database>The VOC2007 Database</database>
		<annotation>PASCAL VOC2007</annotation>
		<image>flickr</image>
		<flickrid>304101690</flickrid>
	</source>
	<owner>
		<flickrid>Huw Lambert</flickrid>
		<name>huw lambert</name>
	</owner>
	<size>
		<width>333</width>
		<height>500</height>
		<depth>3</depth>
	</size>
	<segmented>0</segmented>
	<object>
		<name>motorbike</name>
		<pose>Rear</pose>
		<truncated>0</truncated>
		<difficult>0</difficult>
		<bndbox>
			<xmin>108</xmin>
			<ymin>320</ymin>
			<xmax>186</xmax>
			<ymax>456</ymax>
		</bndbox>
	</object>
	<object>
		<name>person</name>
		<pose>Rear</pose>
		<truncated>0</truncated>
		<difficult>0</difficult>
		<bndbox>
			<xmin>85</xmin>
			<ymin>205</ymin>
			<xmax>199</xmax>
			<ymax>408</ymax>
		</bndbox>
	</object>
</annotation>
