<annotation>
	<folder>VOC2007</folder>
	<filename>001201.jpg</filename>
	<source>
		<database>The VOC2007 Database</database>
		<annotation>PASCAL VOC2007</annotation>
		<image>flickr</image>
		<flickrid>308494345</flickrid>
	</source>
	<owner>
		<flickrid>Blitz Licht</flickrid>
		<name>Dirk Jutzas</name>
	</owner>
	<size>
		<width>500</width>
		<height>333</height>
		<depth>3</depth>
	</size>
	<segmented>0</segmented>
	<object>
		<name>motorbike</name>
		<pose>Unspecified</pose>
		<truncated>0</truncated>
		<difficult>0</difficult>
		<bndbox>
			<xmin>195</xmin>
			<ymin>173</ymin>
			<xmax>309</xmax>
			<ymax>293</ymax>
		</bndbox>
	</object>
	<object>
		<name>person</name>
		<pose>Unspecified</pose>
		<truncated>0</truncated>
		<difficult>0</difficult>
		<bndbox>
			<xmin>234</xmin>
			<ymin>53</ymin>
			<xmax>315</xmax>
			<ymax>217</ymax>
		</bndbox>
	</object>
</annotation>
