<annotation>
	<folder>VOC2007</folder>
	<filename>001357.jpg</filename>
	<source>
		<database>The VOC2007 Database</database>
		<annotation>PASCAL VOC2007</annotation>
		<image>flickr</image>
		<flickrid>318697459</flickrid>
	</source>
	<owner>
		<flickrid>Captain Chaos</flickrid>
		<name>Pepijn Schmitz</name>
	</owner>
	<size>
		<width>500</width>
		<height>375</height>
		<depth>3</depth>
	</size>
	<segmented>0</segmented>
	<object>
		<name>motorbike</name>
		<pose>Right</pose>
		<truncated>0</truncated>
		<difficult>0</difficult>
		<bndbox>
			<xmin>43</xmin>
			<ymin>89</ymin>
			<xmax>442</xmax>
			<ymax>351</ymax>
		</bndbox>
	</object>
	<object>
		<name>person</name>
		<pose>Frontal</pose>
		<truncated>1</truncated>
		<difficult>0</difficult>
		<bndbox>
			<xmin>119</xmin>
			<ymin>25</ymin>
			<xmax>227</xmax>
			<ymax>227</ymax>
		</bndbox>
	</object>
</annotation>
