<annotation>
	<folder>VOC2007</folder>
	<filename>001475.jpg</filename>
	<source>
		<database>The VOC2007 Database</database>
		<annotation>PASCAL VOC2007</annotation>
		<image>flickr</image>
		<flickrid>314303725</flickrid>
	</source>
	<owner>
		<flickrid>Morningstar Lane</flickrid>
		<name>Kathryn Poole</name>
	</owner>
	<size>
		<width>500</width>
		<height>362</height>
		<depth>3</depth>
	</size>
	<segmented>0</segmented>
	<object>
		<name>motorbike</name>
		<pose>Left</pose>
		<truncated>0</truncated>
		<difficult>0</difficult>
		<bndbox>
			<xmin>49</xmin>
			<ymin>154</ymin>
			<xmax>500</xmax>
			<ymax>362</ymax>
		</bndbox>
	</object>
	<object>
		<name>person</name>
		<pose>Left</pose>
		<truncated>0</truncated>
		<difficult>0</difficult>
		<bndbox>
			<xmin>235</xmin>
			<ymin>79</ymin>
			<xmax>438</xmax>
			<ymax>354</ymax>
		</bndbox>
	</object>
</annotation>
