<annotation>
	<folder>VOC2007</folder>
	<filename>001447.jpg</filename>
	<source>
		<database>The VOC2007 Database</database>
		<annotation>PASCAL VOC2007</annotation>
		<image>flickr</image>
		<flickrid>299023521</flickrid>
	</source>
	<owner>
		<flickrid>Steve HMCC</flickrid>
		<name>Steve Parker</name>
	</owner>
	<size>
		<width>500</width>
		<height>375</height>
		<depth>3</depth>
	</size>
	<segmented>0</segmented>
	<object>
		<name>motorbike</name>
		<pose>Right</pose>
		<truncated>0</truncated>
		<difficult>0</difficult>
		<bndbox>
			<xmin>140</xmin>
			<ymin>125</ymin>
			<xmax>419</xmax>
			<ymax>318</ymax>
		</bndbox>
	</object>
	<object>
		<name>person</name>
		<pose>Unspecified</pose>
		<truncated>0</truncated>
		<difficult>0</difficult>
		<bndbox>
			<xmin>165</xmin>
			<ymin>39</ymin>
			<xmax>327</xmax>
			<ymax>295</ymax>
		</bndbox>
		<part>
			<name>head</name>
			<bndbox>
				<xmin>189</xmin>
				<ymin>39</ymin>
				<xmax>238</xmax>
				<ymax>104</ymax>
			</bndbox>
		</part>
		<part>
			<name>hand</name>
			<bndbox>
				<xmin>298</xmin>
				<ymin>116</ymin>
				<xmax>324</xmax>
				<ymax>140</ymax>
			</bndbox>
		</part>
		<part>
			<name>hand</name>
			<bndbox>
				<xmin>214</xmin>
				<ymin>165</ymin>
				<xmax>242</xmax>
				<ymax>188</ymax>
			</bndbox>
		</part>
		<part>
			<name>foot</name>
			<bndbox>
				<xmin>215</xmin>
				<ymin>253</ymin>
				<xmax>252</xmax>
				<ymax>284</ymax>
			</bndbox>
		</part>
	</object>
</annotation>
