<annotation>
	<folder>VOC2007</folder>
	<filename>001446.jpg</filename>
	<source>
		<database>The VOC2007 Database</database>
		<annotation>PASCAL VOC2007</annotation>
		<image>flickr</image>
		<flickrid>332286163</flickrid>
	</source>
	<owner>
		<flickrid>PressPix Photography</flickrid>
		<name>Mike Philippens</name>
	</owner>
	<size>
		<width>335</width>
		<height>500</height>
		<depth>3</depth>
	</size>
	<segmented>0</segmented>
	<object>
		<name>motorbike</name>
		<pose>Unspecified</pose>
		<truncated>0</truncated>
		<difficult>0</difficult>
		<bndbox>
			<xmin>109</xmin>
			<ymin>211</ymin>
			<xmax>299</xmax>
			<ymax>392</ymax>
		</bndbox>
	</object>
	<object>
		<name>person</name>
		<pose>Unspecified</pose>
		<truncated>0</truncated>
		<difficult>0</difficult>
		<bndbox>
			<xmin>101</xmin>
			<ymin>185</ymin>
			<xmax>264</xmax>
			<ymax>332</ymax>
		</bndbox>
	</object>
</annotation>
