<annotation>
	<folder>VOC2007</folder>
	<filename>001502.jpg</filename>
	<source>
		<database>The VOC2007 Database</database>
		<annotation>PASCAL VOC2007</annotation>
		<image>flickr</image>
		<flickrid>330514933</flickrid>
	</source>
	<owner>
		<flickrid>John Falkenstine</flickrid>
		<name>John</name>
	</owner>
	<size>
		<width>500</width>
		<height>411</height>
		<depth>3</depth>
	</size>
	<segmented>0</segmented>
	<object>
		<name>person</name>
		<pose>Unspecified</pose>
		<truncated>0</truncated>
		<difficult>0</difficult>
		<bndbox>
			<xmin>172</xmin>
			<ymin>65</ymin>
			<xmax>323</xmax>
			<ymax>343</ymax>
		</bndbox>
	</object>
	<object>
		<name>motorbike</name>
		<pose>Left</pose>
		<truncated>0</truncated>
		<difficult>0</difficult>
		<bndbox>
			<xmin>106</xmin>
			<ymin>131</ymin>
			<xmax>386</xmax>
			<ymax>381</ymax>
		</bndbox>
	</object>
</annotation>
