<annotation>
	<folder>VOC2007</folder>
	<filename>001744.jpg</filename>
	<source>
		<database>The VOC2007 Database</database>
		<annotation>PASCAL VOC2007</annotation>
		<image>flickr</image>
		<flickrid>314113883</flickrid>
	</source>
	<owner>
		<flickrid>ross_tt</flickrid>
		<name>Ross Chen</name>
	</owner>
	<size>
		<width>500</width>
		<height>176</height>
		<depth>3</depth>
	</size>
	<segmented>0</segmented>
	<object>
		<name>motorbike</name>
		<pose>Right</pose>
		<truncated>0</truncated>
		<difficult>0</difficult>
		<bndbox>
			<xmin>160</xmin>
			<ymin>32</ymin>
			<xmax>353</xmax>
			<ymax>145</ymax>
		</bndbox>
	</object>
</annotation>
