<annotation>
	<folder>VOC2007</folder>
	<filename>001796.jpg</filename>
	<source>
		<database>The VOC2007 Database</database>
		<annotation>PASCAL VOC2007</annotation>
		<image>flickr</image>
		<flickrid>326515555</flickrid>
	</source>
	<owner>
		<flickrid>leehchris</flickrid>
		<name>Chris L</name>
	</owner>
	<size>
		<width>500</width>
		<height>375</height>
		<depth>3</depth>
	</size>
	<segmented>0</segmented>
	<object>
		<name>motorbike</name>
		<pose>Left</pose>
		<truncated>1</truncated>
		<difficult>0</difficult>
		<bndbox>
			<xmin>70</xmin>
			<ymin>91</ymin>
			<xmax>458</xmax>
			<ymax>266</ymax>
		</bndbox>
	</object>
</annotation>
