<annotation>
	<folder>VOC2007</folder>
	<filename>001765.jpg</filename>
	<source>
		<database>The VOC2007 Database</database>
		<annotation>PASCAL VOC2007</annotation>
		<image>flickr</image>
		<flickrid>336207017</flickrid>
	</source>
	<owner>
		<flickrid>imnes</flickrid>
		<name>?</name>
	</owner>
	<size>
		<width>500</width>
		<height>375</height>
		<depth>3</depth>
	</size>
	<segmented>0</segmented>
	<object>
		<name>motorbike</name>
		<pose>Rear</pose>
		<truncated>0</truncated>
		<difficult>0</difficult>
		<bndbox>
			<xmin>75</xmin>
			<ymin>7</ymin>
			<xmax>387</xmax>
			<ymax>353</ymax>
		</bndbox>
	</object>
</annotation>
