<annotation>
	<folder>VOC2007</folder>
	<filename>001737.jpg</filename>
	<source>
		<database>The VOC2007 Database</database>
		<annotation>PASCAL VOC2007</annotation>
		<image>flickr</image>
		<flickrid>331179473</flickrid>
	</source>
	<owner>
		<flickrid>john.murden</flickrid>
		<name>John Murden</name>
	</owner>
	<size>
		<width>500</width>
		<height>375</height>
		<depth>3</depth>
	</size>
	<segmented>0</segmented>
	<object>
		<name>motorbike</name>
		<pose>Left</pose>
		<truncated>0</truncated>
		<difficult>0</difficult>
		<bndbox>
			<xmin>8</xmin>
			<ymin>27</ymin>
			<xmax>476</xmax>
			<ymax>315</ymax>
		</bndbox>
	</object>
</annotation>
