<annotation>
	<folder>VOC2007</folder>
	<filename>001928.jpg</filename>
	<source>
		<database>The VOC2007 Database</database>
		<annotation>PASCAL VOC2007</annotation>
		<image>flickr</image>
		<flickrid>302052837</flickrid>
	</source>
	<owner>
		<flickrid>eric s?ter</flickrid>
		<name>ERIC S?TER</name>
	</owner>
	<size>
		<width>500</width>
		<height>500</height>
		<depth>3</depth>
	</size>
	<segmented>0</segmented>
	<object>
		<name>motorbike</name>
		<pose>Unspecified</pose>
		<truncated>1</truncated>
		<difficult>0</difficult>
		<bndbox>
			<xmin>7</xmin>
			<ymin>82</ymin>
			<xmax>404</xmax>
			<ymax>419</ymax>
		</bndbox>
	</object>
</annotation>
