<annotation>
	<folder>VOC2007</folder>
	<filename>001948.jpg</filename>
	<source>
		<database>The VOC2007 Database</database>
		<annotation>PASCAL VOC2007</annotation>
		<image>flickr</image>
		<flickrid>208776593</flickrid>
	</source>
	<owner>
		<flickrid>mattdesmond</flickrid>
		<name>Matt Desmond</name>
	</owner>
	<size>
		<width>500</width>
		<height>333</height>
		<depth>3</depth>
	</size>
	<segmented>0</segmented>
	<object>
		<name>motorbike</name>
		<pose>Right</pose>
		<truncated>0</truncated>
		<difficult>0</difficult>
		<bndbox>
			<xmin>65</xmin>
			<ymin>52</ymin>
			<xmax>398</xmax>
			<ymax>306</ymax>
		</bndbox>
	</object>
</annotation>
