<annotation>
	<folder>VOC2007</folder>
	<filename>001941.jpg</filename>
	<source>
		<database>The VOC2007 Database</database>
		<annotation>PASCAL VOC2007</annotation>
		<image>flickr</image>
		<flickrid>299025411</flickrid>
	</source>
	<owner>
		<flickrid>Steve HMCC</flickrid>
		<name>Steve Parker</name>
	</owner>
	<size>
		<width>500</width>
		<height>375</height>
		<depth>3</depth>
	</size>
	<segmented>0</segmented>
	<object>
		<name>motorbike</name>
		<pose>Left</pose>
		<truncated>1</truncated>
		<difficult>0</difficult>
		<bndbox>
			<xmin>118</xmin>
			<ymin>46</ymin>
			<xmax>500</xmax>
			<ymax>310</ymax>
		</bndbox>
	</object>
	<object>
		<name>person</name>
		<pose>Left</pose>
		<truncated>0</truncated>
		<difficult>0</difficult>
		<bndbox>
			<xmin>291</xmin>
			<ymin>2</ymin>
			<xmax>472</xmax>
			<ymax>272</ymax>
		</bndbox>
	</object>
</annotation>
