<annotation>
	<folder>VOC2007</folder>
	<filename>002155.jpg</filename>
	<source>
		<database>The VOC2007 Database</database>
		<annotation>PASCAL VOC2007</annotation>
		<image>flickr</image>
		<flickrid>332046817</flickrid>
	</source>
	<owner>
		<flickrid>jmtimages</flickrid>
		<name>Jack</name>
	</owner>
	<size>
		<width>500</width>
		<height>333</height>
		<depth>3</depth>
	</size>
	<segmented>0</segmented>
	<object>
		<name>motorbike</name>
		<pose>Right</pose>
		<truncated>0</truncated>
		<difficult>0</difficult>
		<bndbox>
			<xmin>38</xmin>
			<ymin>19</ymin>
			<xmax>499</xmax>
			<ymax>303</ymax>
		</bndbox>
	</object>
</annotation>
