<annotation>
	<folder>VOC2007</folder>
	<filename>002130.jpg</filename>
	<source>
		<database>The VOC2007 Database</database>
		<annotation>PASCAL VOC2007</annotation>
		<image>flickr</image>
		<flickrid>324595007</flickrid>
	</source>
	<owner>
		<flickrid>mellowdave</flickrid>
		<name>Dave</name>
	</owner>
	<size>
		<width>500</width>
		<height>375</height>
		<depth>3</depth>
	</size>
	<segmented>0</segmented>
	<object>
		<name>motorbike</name>
		<pose>Left</pose>
		<truncated>0</truncated>
		<difficult>0</difficult>
		<bndbox>
			<xmin>63</xmin>
			<ymin>85</ymin>
			<xmax>384</xmax>
			<ymax>312</ymax>
		</bndbox>
	</object>
</annotation>
