<annotation>
	<folder>VOC2007</folder>
	<filename>002104.jpg</filename>
	<source>
		<database>The VOC2007 Database</database>
		<annotation>PASCAL VOC2007</annotation>
		<image>flickr</image>
		<flickrid>322133048</flickrid>
	</source>
	<owner>
		<flickrid>pauly b</flickrid>
		<name>paul bianco</name>
	</owner>
	<size>
		<width>500</width>
		<height>332</height>
		<depth>3</depth>
	</size>
	<segmented>0</segmented>
	<object>
		<name>person</name>
		<pose>Left</pose>
		<truncated>0</truncated>
		<difficult>0</difficult>
		<bndbox>
			<xmin>224</xmin>
			<ymin>16</ymin>
			<xmax>380</xmax>
			<ymax>330</ymax>
		</bndbox>
	</object>
	<object>
		<name>motorbike</name>
		<pose>Left</pose>
		<truncated>0</truncated>
		<difficult>0</difficult>
		<bndbox>
			<xmin>38</xmin>
			<ymin>82</ymin>
			<xmax>478</xmax>
			<ymax>302</ymax>
		</bndbox>
	</object>
</annotation>
