<annotation>
	<folder>VOC2007</folder>
	<filename>002366.jpg</filename>
	<source>
		<database>The VOC2007 Database</database>
		<annotation>PASCAL VOC2007</annotation>
		<image>flickr</image>
		<flickrid>311084746</flickrid>
	</source>
	<owner>
		<flickrid>Chihuahua46</flickrid>
		<name>Daniel</name>
	</owner>
	<size>
		<width>500</width>
		<height>375</height>
		<depth>3</depth>
	</size>
	<segmented>0</segmented>
	<object>
		<name>motorbike</name>
		<pose>Unspecified</pose>
		<truncated>0</truncated>
		<difficult>0</difficult>
		<bndbox>
			<xmin>231</xmin>
			<ymin>13</ymin>
			<xmax>490</xmax>
			<ymax>316</ymax>
		</bndbox>
	</object>
	<object>
		<name>motorbike</name>
		<pose>Left</pose>
		<truncated>0</truncated>
		<difficult>0</difficult>
		<bndbox>
			<xmin>2</xmin>
			<ymin>180</ymin>
			<xmax>215</xmax>
			<ymax>315</ymax>
		</bndbox>
	</object>
</annotation>
