<annotation>
	<folder>VOC2007</folder>
	<filename>002318.jpg</filename>
	<source>
		<database>The VOC2007 Database</database>
		<annotation>PASCAL VOC2007</annotation>
		<image>flickr</image>
		<flickrid>320097458</flickrid>
	</source>
	<owner>
		<flickrid>Carl Horn</flickrid>
		<name>Carl</name>
	</owner>
	<size>
		<width>500</width>
		<height>375</height>
		<depth>3</depth>
	</size>
	<segmented>0</segmented>
	<object>
		<name>motorbike</name>
		<pose>Rear</pose>
		<truncated>0</truncated>
		<difficult>0</difficult>
		<bndbox>
			<xmin>29</xmin>
			<ymin>167</ymin>
			<xmax>188</xmax>
			<ymax>340</ymax>
		</bndbox>
	</object>
</annotation>
