<annotation>
	<folder>VOC2007</folder>
	<filename>002367.jpg</filename>
	<source>
		<database>The VOC2007 Database</database>
		<annotation>PASCAL VOC2007</annotation>
		<image>flickr</image>
		<flickrid>299023770</flickrid>
	</source>
	<owner>
		<flickrid>Steve HMCC</flickrid>
		<name>Steve Parker</name>
	</owner>
	<size>
		<width>500</width>
		<height>375</height>
		<depth>3</depth>
	</size>
	<segmented>0</segmented>
	<object>
		<name>person</name>
		<pose>Left</pose>
		<truncated>0</truncated>
		<difficult>0</difficult>
		<bndbox>
			<xmin>169</xmin>
			<ymin>68</ymin>
			<xmax>355</xmax>
			<ymax>311</ymax>
		</bndbox>
	</object>
	<object>
		<name>motorbike</name>
		<pose>Left</pose>
		<truncated>0</truncated>
		<difficult>0</difficult>
		<bndbox>
			<xmin>100</xmin>
			<ymin>132</ymin>
			<xmax>403</xmax>
			<ymax>342</ymax>
		</bndbox>
	</object>
</annotation>
