<annotation>
	<folder>VOC2007</folder>
	<filename>002419.jpg</filename>
	<source>
		<database>The VOC2007 Database</database>
		<annotation>PASCAL VOC2007</annotation>
		<image>flickr</image>
		<flickrid>332286279</flickrid>
	</source>
	<owner>
		<flickrid>PressPix Photography</flickrid>
		<name>Mike Philippens</name>
	</owner>
	<size>
		<width>500</width>
		<height>344</height>
		<depth>3</depth>
	</size>
	<segmented>0</segmented>
	<object>
		<name>motorbike</name>
		<pose>Right</pose>
		<truncated>0</truncated>
		<difficult>0</difficult>
		<bndbox>
			<xmin>113</xmin>
			<ymin>106</ymin>
			<xmax>379</xmax>
			<ymax>262</ymax>
		</bndbox>
	</object>
	<object>
		<name>person</name>
		<pose>Right</pose>
		<truncated>0</truncated>
		<difficult>0</difficult>
		<bndbox>
			<xmin>160</xmin>
			<ymin>56</ymin>
			<xmax>277</xmax>
			<ymax>215</ymax>
		</bndbox>
	</object>
</annotation>
