<annotation>
	<folder>VOC2007</folder>
	<filename>002458.jpg</filename>
	<source>
		<database>The VOC2007 Database</database>
		<annotation>PASCAL VOC2007</annotation>
		<image>flickr</image>
		<flickrid>320312829</flickrid>
	</source>
	<owner>
		<flickrid>StevieeDee</flickrid>
		<name>Stephen Donnelly</name>
	</owner>
	<size>
		<width>500</width>
		<height>375</height>
		<depth>3</depth>
	</size>
	<segmented>0</segmented>
	<object>
		<name>motorbike</name>
		<pose>Right</pose>
		<truncated>1</truncated>
		<difficult>0</difficult>
		<bndbox>
			<xmin>22</xmin>
			<ymin>150</ymin>
			<xmax>102</xmax>
			<ymax>203</ymax>
		</bndbox>
	</object>
	<object>
		<name>person</name>
		<pose>Right</pose>
		<truncated>0</truncated>
		<difficult>0</difficult>
		<bndbox>
			<xmin>39</xmin>
			<ymin>131</ymin>
			<xmax>69</xmax>
			<ymax>185</ymax>
		</bndbox>
	</object>
</annotation>
