<annotation>
	<folder>VOC2007</folder>
	<filename>002519.jpg</filename>
	<source>
		<database>The VOC2007 Database</database>
		<annotation>PASCAL VOC2007</annotation>
		<image>flickr</image>
		<flickrid>315008161</flickrid>
	</source>
	<owner>
		<flickrid>bangdoll@flickr</flickrid>
		<name>bangdoll</name>
	</owner>
	<size>
		<width>500</width>
		<height>375</height>
		<depth>3</depth>
	</size>
	<segmented>0</segmented>
	<object>
		<name>motorbike</name>
		<pose>Unspecified</pose>
		<truncated>1</truncated>
		<difficult>0</difficult>
		<bndbox>
			<xmin>55</xmin>
			<ymin>2</ymin>
			<xmax>476</xmax>
			<ymax>375</ymax>
		</bndbox>
	</object>
</annotation>
