<annotation>
	<folder>VOC2007</folder>
	<filename>002807.jpg</filename>
	<source>
		<database>The VOC2007 Database</database>
		<annotation>PASCAL VOC2007</annotation>
		<image>flickr</image>
		<flickrid>298572123</flickrid>
	</source>
	<owner>
		<flickrid>StreetwiseCycleSchool</flickrid>
		<name>?</name>
	</owner>
	<size>
		<width>471</width>
		<height>500</height>
		<depth>3</depth>
	</size>
	<segmented>0</segmented>
	<object>
		<name>motorbike</name>
		<pose>Unspecified</pose>
		<truncated>0</truncated>
		<difficult>0</difficult>
		<bndbox>
			<xmin>76</xmin>
			<ymin>114</ymin>
			<xmax>395</xmax>
			<ymax>449</ymax>
		</bndbox>
	</object>
	<object>
		<name>person</name>
		<pose>Unspecified</pose>
		<truncated>0</truncated>
		<difficult>0</difficult>
		<bndbox>
			<xmin>126</xmin>
			<ymin>33</ymin>
			<xmax>378</xmax>
			<ymax>384</ymax>
		</bndbox>
	</object>
</annotation>
