<annotation>
	<folder>VOC2007</folder>
	<filename>002848.jpg</filename>
	<source>
		<database>The VOC2007 Database</database>
		<annotation>PASCAL VOC2007</annotation>
		<image>flickr</image>
		<flickrid>328599596</flickrid>
	</source>
	<owner>
		<flickrid>Certassar</flickrid>
		<name>Rune Johnsson</name>
	</owner>
	<size>
		<width>500</width>
		<height>96</height>
		<depth>3</depth>
	</size>
	<segmented>0</segmented>
	<object>
		<name>motorbike</name>
		<pose>Unspecified</pose>
		<truncated>0</truncated>
		<difficult>0</difficult>
		<bndbox>
			<xmin>201</xmin>
			<ymin>15</ymin>
			<xmax>278</xmax>
			<ymax>82</ymax>
		</bndbox>
	</object>
</annotation>
