<annotation>
	<folder>VOC2007</folder>
	<filename>003162.jpg</filename>
	<source>
		<database>The VOC2007 Database</database>
		<annotation>PASCAL VOC2007</annotation>
		<image>flickr</image>
		<flickrid>320419820</flickrid>
	</source>
	<owner>
		<flickrid>r6evo</flickrid>
		<name>Chris Evans</name>
	</owner>
	<size>
		<width>500</width>
		<height>366</height>
		<depth>3</depth>
	</size>
	<segmented>0</segmented>
	<object>
		<name>motorbike</name>
		<pose>Left</pose>
		<truncated>0</truncated>
		<difficult>0</difficult>
		<bndbox>
			<xmin>25</xmin>
			<ymin>89</ymin>
			<xmax>483</xmax>
			<ymax>355</ymax>
		</bndbox>
	</object>
	<object>
		<name>person</name>
		<pose>Unspecified</pose>
		<truncated>0</truncated>
		<difficult>0</difficult>
		<bndbox>
			<xmin>115</xmin>
			<ymin>11</ymin>
			<xmax>353</xmax>
			<ymax>223</ymax>
		</bndbox>
	</object>
</annotation>
