<annotation>
	<folder>VOC2007</folder>
	<filename>003367.jpg</filename>
	<source>
		<database>The VOC2007 Database</database>
		<annotation>PASCAL VOC2007</annotation>
		<image>flickr</image>
		<flickrid>307645379</flickrid>
	</source>
	<owner>
		<flickrid>Michael Joseph Goldst... etc</flickrid>
		<name>Mike Goldstein</name>
	</owner>
	<size>
		<width>500</width>
		<height>375</height>
		<depth>3</depth>
	</size>
	<segmented>1</segmented>
	<object>
		<name>person</name>
		<pose>Unspecified</pose>
		<truncated>1</truncated>
		<difficult>0</difficult>
		<bndbox>
			<xmin>1</xmin>
			<ymin>174</ymin>
			<xmax>38</xmax>
			<ymax>253</ymax>
		</bndbox>
	</object>
	<object>
		<name>person</name>
		<pose>Unspecified</pose>
		<truncated>1</truncated>
		<difficult>1</difficult>
		<bndbox>
			<xmin>3</xmin>
			<ymin>200</ymin>
			<xmax>22</xmax>
			<ymax>316</ymax>
		</bndbox>
	</object>
	<object>
		<name>motorbike</name>
		<pose>Left</pose>
		<truncated>1</truncated>
		<difficult>0</difficult>
		<bndbox>
			<xmin>15</xmin>
			<ymin>213</ymin>
			<xmax>111</xmax>
			<ymax>302</ymax>
		</bndbox>
	</object>
	<object>
		<name>pottedplant</name>
		<pose>Unspecified</pose>
		<truncated>0</truncated>
		<difficult>0</difficult>
		<bndbox>
			<xmin>354</xmin>
			<ymin>167</ymin>
			<xmax>389</xmax>
			<ymax>267</ymax>
		</bndbox>
	</object>
	<object>
		<name>pottedplant</name>
		<pose>Unspecified</pose>
		<truncated>0</truncated>
		<difficult>0</difficult>
		<bndbox>
			<xmin>387</xmin>
			<ymin>130</ymin>
			<xmax>418</xmax>
			<ymax>170</ymax>
		</bndbox>
	</object>
	<object>
		<name>pottedplant</name>
		<pose>Unspecified</pose>
		<truncated>0</truncated>
		<difficult>0</difficult>
		<bndbox>
			<xmin>422</xmin>
			<ymin>128</ymin>
			<xmax>447</xmax>
			<ymax>171</ymax>
		</bndbox>
	</object>
	<object>
		<name>pottedplant</name>
		<pose>Unspecified</pose>
		<truncated>0</truncated>
		<difficult>1</difficult>
		<bndbox>
			<xmin>447</xmin>
			<ymin>142</ymin>
			<xmax>473</xmax>
			<ymax>174</ymax>
		</bndbox>
	</object>
	<object>
		<name>pottedplant</name>
		<pose>Unspecified</pose>
		<truncated>0</truncated>
		<difficult>0</difficult>
		<bndbox>
			<xmin>476</xmin>
			<ymin>142</ymin>
			<xmax>496</xmax>
			<ymax>173</ymax>
		</bndbox>
	</object>
</annotation>
