<annotation>
	<folder>VOC2007</folder>
	<filename>003336.jpg</filename>
	<source>
		<database>The VOC2007 Database</database>
		<annotation>PASCAL VOC2007</annotation>
		<image>flickr</image>
		<flickrid>317202690</flickrid>
	</source>
	<owner>
		<flickrid>airportugalphoto</flickrid>
		<name>?</name>
	</owner>
	<size>
		<width>500</width>
		<height>375</height>
		<depth>3</depth>
	</size>
	<segmented>0</segmented>
	<object>
		<name>motorbike</name>
		<pose>Rear</pose>
		<truncated>1</truncated>
		<difficult>0</difficult>
		<bndbox>
			<xmin>3</xmin>
			<ymin>61</ymin>
			<xmax>242</xmax>
			<ymax>375</ymax>
		</bndbox>
	</object>
	<object>
		<name>motorbike</name>
		<pose>Right</pose>
		<truncated>1</truncated>
		<difficult>0</difficult>
		<bndbox>
			<xmin>291</xmin>
			<ymin>21</ymin>
			<xmax>419</xmax>
			<ymax>91</ymax>
		</bndbox>
	</object>
	<object>
		<name>motorbike</name>
		<pose>Right</pose>
		<truncated>1</truncated>
		<difficult>0</difficult>
		<bndbox>
			<xmin>144</xmin>
			<ymin>29</ymin>
			<xmax>247</xmax>
			<ymax>89</ymax>
		</bndbox>
	</object>
</annotation>
