<annotation>
	<folder>VOC2007</folder>
	<filename>003391.jpg</filename>
	<source>
		<database>The VOC2007 Database</database>
		<annotation>PASCAL VOC2007</annotation>
		<image>flickr</image>
		<flickrid>323190475</flickrid>
	</source>
	<owner>
		<flickrid>shimmertje</flickrid>
		<name>J Tang</name>
	</owner>
	<size>
		<width>500</width>
		<height>375</height>
		<depth>3</depth>
	</size>
	<segmented>0</segmented>
	<object>
		<name>person</name>
		<pose>Unspecified</pose>
		<truncated>1</truncated>
		<difficult>0</difficult>
		<bndbox>
			<xmin>120</xmin>
			<ymin>223</ymin>
			<xmax>187</xmax>
			<ymax>375</ymax>
		</bndbox>
	</object>
	<object>
		<name>motorbike</name>
		<pose>Unspecified</pose>
		<truncated>1</truncated>
		<difficult>0</difficult>
		<bndbox>
			<xmin>77</xmin>
			<ymin>278</ymin>
			<xmax>263</xmax>
			<ymax>375</ymax>
		</bndbox>
	</object>
</annotation>
