<annotation>
	<folder>VOC2007</folder>
	<filename>003412.jpg</filename>
	<source>
		<database>The VOC2007 Database</database>
		<annotation>PASCAL VOC2007</annotation>
		<image>flickr</image>
		<flickrid>337040486</flickrid>
	</source>
	<owner>
		<flickrid>auskiller2003</flickrid>
		<name>Kevin Ward</name>
	</owner>
	<size>
		<width>332</width>
		<height>500</height>
		<depth>3</depth>
	</size>
	<segmented>0</segmented>
	<object>
		<name>motorbike</name>
		<pose>Unspecified</pose>
		<truncated>1</truncated>
		<difficult>0</difficult>
		<bndbox>
			<xmin>60</xmin>
			<ymin>131</ymin>
			<xmax>332</xmax>
			<ymax>500</ymax>
		</bndbox>
	</object>
	<object>
		<name>person</name>
		<pose>Unspecified</pose>
		<truncated>0</truncated>
		<difficult>0</difficult>
		<bndbox>
			<xmin>131</xmin>
			<ymin>62</ymin>
			<xmax>332</xmax>
			<ymax>440</ymax>
		</bndbox>
		<part>
			<name>foot</name>
			<bndbox>
				<xmin>305</xmin>
				<ymin>398</ymin>
				<xmax>332</xmax>
				<ymax>439</ymax>
			</bndbox>
		</part>
		<part>
			<name>hand</name>
			<bndbox>
				<xmin>291</xmin>
				<ymin>129</ymin>
				<xmax>322</xmax>
				<ymax>156</ymax>
			</bndbox>
		</part>
		<part>
			<name>hand</name>
			<bndbox>
				<xmin>139</xmin>
				<ymin>167</ymin>
				<xmax>164</xmax>
				<ymax>186</ymax>
			</bndbox>
		</part>
		<part>
			<name>head</name>
			<bndbox>
				<xmin>231</xmin>
				<ymin>76</ymin>
				<xmax>274</xmax>
				<ymax>128</ymax>
			</bndbox>
		</part>
	</object>
</annotation>
