<annotation>
	<folder>VOC2007</folder>
	<filename>003585.jpg</filename>
	<source>
		<database>The VOC2007 Database</database>
		<annotation>PASCAL VOC2007</annotation>
		<image>flickr</image>
		<flickrid>304100796</flickrid>
	</source>
	<owner>
		<flickrid>Huw Lambert</flickrid>
		<name>huw lambert</name>
	</owner>
	<size>
		<width>333</width>
		<height>500</height>
		<depth>3</depth>
	</size>
	<segmented>0</segmented>
	<object>
		<name>person</name>
		<pose>Unspecified</pose>
		<truncated>0</truncated>
		<difficult>0</difficult>
		<bndbox>
			<xmin>138</xmin>
			<ymin>183</ymin>
			<xmax>259</xmax>
			<ymax>411</ymax>
		</bndbox>
		<part>
			<name>head</name>
			<bndbox>
				<xmin>195.8354</xmin>
				<ymin>182.1909</ymin>
				<xmax>222.7111</xmax>
				<ymax>218.5851</ymax>
			</bndbox>
		</part>
		<part>
			<name>foot</name>
			<bndbox>
				<xmin>239.5084</xmin>
				<ymin>391.5974</ymin>
				<xmax>255.7458</xmax>
				<ymax>406.715</ymax>
			</bndbox>
		</part>
		<part>
			<name>hand</name>
			<bndbox>
				<xmin>190.2363</xmin>
				<ymin>277.9356</ymin>
				<xmax>209.8331</xmax>
				<ymax>293.0532</ymax>
			</bndbox>
		</part>
	</object>
	<object>
		<name>motorbike</name>
		<pose>Unspecified</pose>
		<truncated>0</truncated>
		<difficult>0</difficult>
		<bndbox>
			<xmin>89</xmin>
			<ymin>244</ymin>
			<xmax>291</xmax>
			<ymax>425</ymax>
		</bndbox>
	</object>
</annotation>
