<annotation>
	<folder>VOC2007</folder>
	<filename>003684.jpg</filename>
	<source>
		<database>The VOC2007 Database</database>
		<annotation>PASCAL VOC2007</annotation>
		<image>flickr</image>
		<flickrid>291394904</flickrid>
	</source>
	<owner>
		<flickrid>Angelo Barato</flickrid>
		<name>Angelo Barato</name>
	</owner>
	<size>
		<width>375</width>
		<height>500</height>
		<depth>3</depth>
	</size>
	<segmented>0</segmented>
	<object>
		<name>motorbike</name>
		<pose>Frontal</pose>
		<truncated>0</truncated>
		<difficult>0</difficult>
		<bndbox>
			<xmin>60</xmin>
			<ymin>5</ymin>
			<xmax>360</xmax>
			<ymax>473</ymax>
		</bndbox>
	</object>
</annotation>
