<annotation>
	<folder>VOC2007</folder>
	<filename>003855.jpg</filename>
	<source>
		<database>The VOC2007 Database</database>
		<annotation>PASCAL VOC2007</annotation>
		<image>flickr</image>
		<flickrid>200841573</flickrid>
	</source>
	<owner>
		<flickrid>bikeride</flickrid>
		<name>Brent Soderberg</name>
	</owner>
	<size>
		<width>500</width>
		<height>375</height>
		<depth>3</depth>
	</size>
	<segmented>0</segmented>
	<object>
		<name>motorbike</name>
		<pose>Right</pose>
		<truncated>0</truncated>
		<difficult>0</difficult>
		<bndbox>
			<xmin>243</xmin>
			<ymin>139</ymin>
			<xmax>389</xmax>
			<ymax>229</ymax>
		</bndbox>
	</object>
	<object>
		<name>person</name>
		<pose>Right</pose>
		<truncated>0</truncated>
		<difficult>0</difficult>
		<bndbox>
			<xmin>264</xmin>
			<ymin>105</ymin>
			<xmax>331</xmax>
			<ymax>209</ymax>
		</bndbox>
	</object>
	<object>
		<name>person</name>
		<pose>Right</pose>
		<truncated>0</truncated>
		<difficult>0</difficult>
		<bndbox>
			<xmin>32</xmin>
			<ymin>111</ymin>
			<xmax>97</xmax>
			<ymax>210</ymax>
		</bndbox>
	</object>
	<object>
		<name>person</name>
		<pose>Right</pose>
		<truncated>0</truncated>
		<difficult>0</difficult>
		<bndbox>
			<xmin>156</xmin>
			<ymin>119</ymin>
			<xmax>221</xmax>
			<ymax>213</ymax>
		</bndbox>
	</object>
	<object>
		<name>bicycle</name>
		<pose>Right</pose>
		<truncated>0</truncated>
		<difficult>0</difficult>
		<bndbox>
			<xmin>130</xmin>
			<ymin>164</ymin>
			<xmax>235</xmax>
			<ymax>225</ymax>
		</bndbox>
	</object>
	<object>
		<name>bicycle</name>
		<pose>Right</pose>
		<truncated>0</truncated>
		<difficult>0</difficult>
		<bndbox>
			<xmin>16</xmin>
			<ymin>154</ymin>
			<xmax>104</xmax>
			<ymax>218</ymax>
		</bndbox>
	</object>
	<object>
		<name>bicycle</name>
		<pose>Unspecified</pose>
		<truncated>0</truncated>
		<difficult>1</difficult>
		<bndbox>
			<xmin>306</xmin>
			<ymin>34</ymin>
			<xmax>352</xmax>
			<ymax>58</ymax>
		</bndbox>
	</object>
	<object>
		<name>bicycle</name>
		<pose>Unspecified</pose>
		<truncated>0</truncated>
		<difficult>1</difficult>
		<bndbox>
			<xmin>201</xmin>
			<ymin>41</ymin>
			<xmax>245</xmax>
			<ymax>66</ymax>
		</bndbox>
	</object>
	<object>
		<name>person</name>
		<pose>Unspecified</pose>
		<truncated>0</truncated>
		<difficult>1</difficult>
		<bndbox>
			<xmin>311</xmin>
			<ymin>11</ymin>
			<xmax>344</xmax>
			<ymax>50</ymax>
		</bndbox>
	</object>
	<object>
		<name>person</name>
		<pose>Unspecified</pose>
		<truncated>0</truncated>
		<difficult>1</difficult>
		<bndbox>
			<xmin>208</xmin>
			<ymin>13</ymin>
			<xmax>238</xmax>
			<ymax>59</ymax>
		</bndbox>
	</object>
</annotation>
