<annotation>
	<folder>VOC2007</folder>
	<filename>003941.jpg</filename>
	<source>
		<database>The VOC2007 Database</database>
		<annotation>PASCAL VOC2007</annotation>
		<image>flickr</image>
		<flickrid>194748086</flickrid>
	</source>
	<owner>
		<flickrid>Hannibal. Or maybe just Rex.</flickrid>
		<name>Minky Paw</name>
	</owner>
	<size>
		<width>500</width>
		<height>375</height>
		<depth>3</depth>
	</size>
	<segmented>0</segmented>
	<object>
		<name>motorbike</name>
		<pose>Left</pose>
		<truncated>0</truncated>
		<difficult>0</difficult>
		<bndbox>
			<xmin>54</xmin>
			<ymin>39</ymin>
			<xmax>472</xmax>
			<ymax>342</ymax>
		</bndbox>
	</object>
</annotation>
