<annotation>
	<folder>VOC2007</folder>
	<filename>004033.jpg</filename>
	<source>
		<database>The VOC2007 Database</database>
		<annotation>PASCAL VOC2007</annotation>
		<image>flickr</image>
		<flickrid>318370811</flickrid>
	</source>
	<owner>
		<flickrid>andyatkinson</flickrid>
		<name>Andy Atkinson</name>
	</owner>
	<size>
		<width>500</width>
		<height>342</height>
		<depth>3</depth>
	</size>
	<segmented>1</segmented>
	<object>
		<name>person</name>
		<pose>Rear</pose>
		<truncated>0</truncated>
		<difficult>0</difficult>
		<bndbox>
			<xmin>70</xmin>
			<ymin>7</ymin>
			<xmax>120</xmax>
			<ymax>138</ymax>
		</bndbox>
	</object>
	<object>
		<name>motorbike</name>
		<pose>Right</pose>
		<truncated>1</truncated>
		<difficult>0</difficult>
		<bndbox>
			<xmin>120</xmin>
			<ymin>36</ymin>
			<xmax>217</xmax>
			<ymax>168</ymax>
		</bndbox>
	</object>
	<object>
		<name>motorbike</name>
		<pose>Left</pose>
		<truncated>1</truncated>
		<difficult>0</difficult>
		<bndbox>
			<xmin>183</xmin>
			<ymin>2</ymin>
			<xmax>326</xmax>
			<ymax>196</ymax>
		</bndbox>
	</object>
	<object>
		<name>motorbike</name>
		<pose>Left</pose>
		<truncated>1</truncated>
		<difficult>0</difficult>
		<bndbox>
			<xmin>189</xmin>
			<ymin>1</ymin>
			<xmax>447</xmax>
			<ymax>280</ymax>
		</bndbox>
	</object>
</annotation>
