<annotation>
	<folder>VOC2007</folder>
	<filename>004003.jpg</filename>
	<source>
		<database>The VOC2007 Database</database>
		<annotation>PASCAL VOC2007</annotation>
		<image>flickr</image>
		<flickrid>337857146</flickrid>
	</source>
	<owner>
		<flickrid>airhead.freak</flickrid>
		<name>?</name>
	</owner>
	<size>
		<width>500</width>
		<height>375</height>
		<depth>3</depth>
	</size>
	<segmented>1</segmented>
	<object>
		<name>motorbike</name>
		<pose>Left</pose>
		<truncated>0</truncated>
		<difficult>0</difficult>
		<bndbox>
			<xmin>45</xmin>
			<ymin>50</ymin>
			<xmax>472</xmax>
			<ymax>315</ymax>
		</bndbox>
	</object>
</annotation>
