<annotation>
	<folder>VOC2007</folder>
	<filename>004191.jpg</filename>
	<source>
		<database>The VOC2007 Database</database>
		<annotation>PASCAL VOC2007</annotation>
		<image>flickr</image>
		<flickrid>337032024</flickrid>
	</source>
	<owner>
		<flickrid>auskiller2003</flickrid>
		<name>Kevin Ward</name>
	</owner>
	<size>
		<width>332</width>
		<height>500</height>
		<depth>3</depth>
	</size>
	<segmented>0</segmented>
	<object>
		<name>motorbike</name>
		<pose>Frontal</pose>
		<truncated>0</truncated>
		<difficult>0</difficult>
		<bndbox>
			<xmin>161</xmin>
			<ymin>231</ymin>
			<xmax>273</xmax>
			<ymax>387</ymax>
		</bndbox>
	</object>
	<object>
		<name>person</name>
		<pose>Frontal</pose>
		<truncated>1</truncated>
		<difficult>0</difficult>
		<bndbox>
			<xmin>191</xmin>
			<ymin>204</ymin>
			<xmax>275</xmax>
			<ymax>357</ymax>
		</bndbox>
	</object>
</annotation>
