<annotation>
	<folder>VOC2007</folder>
	<filename>004215.jpg</filename>
	<source>
		<database>The VOC2007 Database</database>
		<annotation>PASCAL VOC2007</annotation>
		<image>flickr</image>
		<flickrid>285610833</flickrid>
	</source>
	<owner>
		<flickrid>Mr_Me</flickrid>
		<name>Andy Redgrave</name>
	</owner>
	<size>
		<width>500</width>
		<height>375</height>
		<depth>3</depth>
	</size>
	<segmented>0</segmented>
	<object>
		<name>motorbike</name>
		<pose>Unspecified</pose>
		<truncated>1</truncated>
		<difficult>0</difficult>
		<bndbox>
			<xmin>8</xmin>
			<ymin>2</ymin>
			<xmax>405</xmax>
			<ymax>374</ymax>
		</bndbox>
	</object>
</annotation>
