<annotation>
	<folder>VOC2007</folder>
	<filename>004229.jpg</filename>
	<source>
		<database>The VOC2007 Database</database>
		<annotation>PASCAL VOC2007</annotation>
		<image>flickr</image>
		<flickrid>318399192</flickrid>
	</source>
	<owner>
		<flickrid>stewart_ronnie_lawton</flickrid>
		<name>Stewart Lawton</name>
	</owner>
	<size>
		<width>500</width>
		<height>375</height>
		<depth>3</depth>
	</size>
	<segmented>0</segmented>
	<object>
		<name>motorbike</name>
		<pose>Unspecified</pose>
		<truncated>0</truncated>
		<difficult>0</difficult>
		<bndbox>
			<xmin>36</xmin>
			<ymin>156</ymin>
			<xmax>230</xmax>
			<ymax>252</ymax>
		</bndbox>
	</object>
	<object>
		<name>person</name>
		<pose>Unspecified</pose>
		<truncated>0</truncated>
		<difficult>0</difficult>
		<bndbox>
			<xmin>108</xmin>
			<ymin>116</ymin>
			<xmax>207</xmax>
			<ymax>243</ymax>
		</bndbox>
	</object>
</annotation>
