<annotation>
	<folder>VOC2007</folder>
	<filename>004255.jpg</filename>
	<source>
		<database>The VOC2007 Database</database>
		<annotation>PASCAL VOC2007</annotation>
		<image>flickr</image>
		<flickrid>314973708</flickrid>
	</source>
	<owner>
		<flickrid>brent aikman</flickrid>
		<name>Brent Aikman</name>
	</owner>
	<size>
		<width>500</width>
		<height>376</height>
		<depth>3</depth>
	</size>
	<segmented>0</segmented>
	<object>
		<name>motorbike</name>
		<pose>Unspecified</pose>
		<truncated>1</truncated>
		<difficult>1</difficult>
		<bndbox>
			<xmin>1</xmin>
			<ymin>76</ymin>
			<xmax>60</xmax>
			<ymax>162</ymax>
		</bndbox>
	</object>
	<object>
		<name>motorbike</name>
		<pose>Left</pose>
		<truncated>1</truncated>
		<difficult>0</difficult>
		<bndbox>
			<xmin>39</xmin>
			<ymin>2</ymin>
			<xmax>132</xmax>
			<ymax>24</ymax>
		</bndbox>
	</object>
	<object>
		<name>motorbike</name>
		<pose>Unspecified</pose>
		<truncated>1</truncated>
		<difficult>1</difficult>
		<bndbox>
			<xmin>192</xmin>
			<ymin>1</ymin>
			<xmax>260</xmax>
			<ymax>37</ymax>
		</bndbox>
	</object>
	<object>
		<name>motorbike</name>
		<pose>Unspecified</pose>
		<truncated>1</truncated>
		<difficult>1</difficult>
		<bndbox>
			<xmin>250</xmin>
			<ymin>1</ymin>
			<xmax>336</xmax>
			<ymax>44</ymax>
		</bndbox>
	</object>
	<object>
		<name>motorbike</name>
		<pose>Frontal</pose>
		<truncated>1</truncated>
		<difficult>0</difficult>
		<bndbox>
			<xmin>367</xmin>
			<ymin>1</ymin>
			<xmax>418</xmax>
			<ymax>59</ymax>
		</bndbox>
	</object>
	<object>
		<name>motorbike</name>
		<pose>Right</pose>
		<truncated>1</truncated>
		<difficult>0</difficult>
		<bndbox>
			<xmin>1</xmin>
			<ymin>3</ymin>
			<xmax>446</xmax>
			<ymax>371</ymax>
		</bndbox>
	</object>
</annotation>
