<annotation>
	<folder>VOC2007</folder>
	<filename>004300.jpg</filename>
	<source>
		<database>The VOC2007 Database</database>
		<annotation>PASCAL VOC2007</annotation>
		<image>flickr</image>
		<flickrid>332077262</flickrid>
	</source>
	<owner>
		<flickrid>kboutelle</flickrid>
		<name>Kevin Boutelle</name>
	</owner>
	<size>
		<width>500</width>
		<height>375</height>
		<depth>3</depth>
	</size>
	<segmented>0</segmented>
	<object>
		<name>motorbike</name>
		<pose>Left</pose>
		<truncated>0</truncated>
		<difficult>0</difficult>
		<bndbox>
			<xmin>79</xmin>
			<ymin>201</ymin>
			<xmax>235</xmax>
			<ymax>317</ymax>
		</bndbox>
	</object>
</annotation>
