<annotation>
	<folder>VOC2007</folder>
	<filename>004338.jpg</filename>
	<source>
		<database>The VOC2007 Database</database>
		<annotation>PASCAL VOC2007</annotation>
		<image>flickr</image>
		<flickrid>327769679</flickrid>
	</source>
	<owner>
		<flickrid>cdslug</flickrid>
		<name>Ryan Mercer</name>
	</owner>
	<size>
		<width>500</width>
		<height>333</height>
		<depth>3</depth>
	</size>
	<segmented>0</segmented>
	<object>
		<name>motorbike</name>
		<pose>Left</pose>
		<truncated>0</truncated>
		<difficult>0</difficult>
		<bndbox>
			<xmin>69</xmin>
			<ymin>75</ymin>
			<xmax>450</xmax>
			<ymax>313</ymax>
		</bndbox>
	</object>
</annotation>
