<annotation>
	<folder>VOC2007</folder>
	<filename>004694.jpg</filename>
	<source>
		<database>The VOC2007 Database</database>
		<annotation>PASCAL VOC2007</annotation>
		<image>flickr</image>
		<flickrid>298590652</flickrid>
	</source>
	<owner>
		<flickrid>bluesbro20032003</flickrid>
		<name>BluesBro</name>
	</owner>
	<size>
		<width>252</width>
		<height>500</height>
		<depth>3</depth>
	</size>
	<segmented>0</segmented>
	<object>
		<name>person</name>
		<pose>Unspecified</pose>
		<truncated>0</truncated>
		<difficult>0</difficult>
		<bndbox>
			<xmin>49</xmin>
			<ymin>71</ymin>
			<xmax>203</xmax>
			<ymax>255</ymax>
		</bndbox>
		<part>
			<name>head</name>
			<bndbox>
				<xmin>146.3768</xmin>
				<ymin>131.799</ymin>
				<xmax>186.1305</xmax>
				<ymax>184.9905</ymax>
			</bndbox>
		</part>
		<part>
			<name>hand</name>
			<bndbox>
				<xmin>99.9043</xmin>
				<ymin>232.023</ymin>
				<xmax>116.1417</xmax>
				<ymax>253.2996</ymax>
			</bndbox>
		</part>
		<part>
			<name>hand</name>
			<bndbox>
				<xmin>182.771</xmin>
				<ymin>212.4261</ymin>
				<xmax>199.0084</xmax>
				<ymax>232.023</ymax>
			</bndbox>
		</part>
		<part>
			<name>foot</name>
			<bndbox>
				<xmin>113.3421</xmin>
				<ymin>71.8886</ymin>
				<xmax>139.6579</xmax>
				<ymax>90.9255</ymax>
			</bndbox>
		</part>
		<part>
			<name>foot</name>
			<bndbox>
				<xmin>48.9524</xmin>
				<ymin>85.8863</ymin>
				<xmax>90.9457</xmax>
				<ymax>107.7228</ymax>
			</bndbox>
		</part>
	</object>
	<object>
		<name>motorbike</name>
		<pose>Unspecified</pose>
		<truncated>0</truncated>
		<difficult>0</difficult>
		<bndbox>
			<xmin>95</xmin>
			<ymin>185</ymin>
			<xmax>202</xmax>
			<ymax>466</ymax>
		</bndbox>
	</object>
</annotation>
