<annotation>
	<folder>VOC2007</folder>
	<filename>004836.jpg</filename>
	<source>
		<database>The VOC2007 Database</database>
		<annotation>PASCAL VOC2007</annotation>
		<image>flickr</image>
		<flickrid>325334639</flickrid>
	</source>
	<owner>
		<flickrid>Otto Bufonto</flickrid>
		<name>Otto Bufonto</name>
	</owner>
	<size>
		<width>500</width>
		<height>446</height>
		<depth>3</depth>
	</size>
	<segmented>0</segmented>
	<object>
		<name>motorbike</name>
		<pose>Left</pose>
		<truncated>0</truncated>
		<difficult>0</difficult>
		<bndbox>
			<xmin>1</xmin>
			<ymin>147</ymin>
			<xmax>474</xmax>
			<ymax>446</ymax>
		</bndbox>
	</object>
</annotation>
