<annotation>
	<folder>VOC2007</folder>
	<filename>005260.jpg</filename>
	<source>
		<database>The VOC2007 Database</database>
		<annotation>PASCAL VOC2007</annotation>
		<image>flickr</image>
		<flickrid>339582555</flickrid>
	</source>
	<owner>
		<flickrid>Damien_Toman</flickrid>
		<name>Damien Toman</name>
	</owner>
	<size>
		<width>500</width>
		<height>235</height>
		<depth>3</depth>
	</size>
	<segmented>0</segmented>
	<object>
		<name>person</name>
		<pose>Rear</pose>
		<truncated>0</truncated>
		<difficult>0</difficult>
		<bndbox>
			<xmin>223</xmin>
			<ymin>57</ymin>
			<xmax>331</xmax>
			<ymax>189</ymax>
		</bndbox>
	</object>
	<object>
		<name>person</name>
		<pose>Rear</pose>
		<truncated>0</truncated>
		<difficult>0</difficult>
		<bndbox>
			<xmin>35</xmin>
			<ymin>55</ymin>
			<xmax>171</xmax>
			<ymax>191</ymax>
		</bndbox>
	</object>
	<object>
		<name>motorbike</name>
		<pose>Rear</pose>
		<truncated>0</truncated>
		<difficult>0</difficult>
		<bndbox>
			<xmin>171</xmin>
			<ymin>91</ymin>
			<xmax>325</xmax>
			<ymax>194</ymax>
		</bndbox>
	</object>
	<object>
		<name>motorbike</name>
		<pose>Rear</pose>
		<truncated>0</truncated>
		<difficult>0</difficult>
		<bndbox>
			<xmin>16</xmin>
			<ymin>88</ymin>
			<xmax>167</xmax>
			<ymax>207</ymax>
		</bndbox>
	</object>
</annotation>
