<annotation>
	<folder>VOC2007</folder>
	<filename>005414.jpg</filename>
	<source>
		<database>The VOC2007 Database</database>
		<annotation>PASCAL VOC2007</annotation>
		<image>flickr</image>
		<flickrid>304105113</flickrid>
	</source>
	<owner>
		<flickrid>Huw Lambert</flickrid>
		<name>huw lambert</name>
	</owner>
	<size>
		<width>500</width>
		<height>333</height>
		<depth>3</depth>
	</size>
	<segmented>0</segmented>
	<object>
		<name>motorbike</name>
		<pose>Frontal</pose>
		<truncated>1</truncated>
		<difficult>0</difficult>
		<bndbox>
			<xmin>59</xmin>
			<ymin>105</ymin>
			<xmax>217</xmax>
			<ymax>333</ymax>
		</bndbox>
	</object>
	<object>
		<name>motorbike</name>
		<pose>Unspecified</pose>
		<truncated>1</truncated>
		<difficult>0</difficult>
		<bndbox>
			<xmin>265</xmin>
			<ymin>121</ymin>
			<xmax>443</xmax>
			<ymax>333</ymax>
		</bndbox>
	</object>
	<object>
		<name>person</name>
		<pose>Unspecified</pose>
		<truncated>0</truncated>
		<difficult>0</difficult>
		<bndbox>
			<xmin>196</xmin>
			<ymin>40</ymin>
			<xmax>290</xmax>
			<ymax>330</ymax>
		</bndbox>
		<part>
			<name>head</name>
			<bndbox>
				<xmin>232.1532</xmin>
				<ymin>42.8065</ymin>
				<xmax>263.6048</xmax>
				<ymax>83.129</ymax>
			</bndbox>
		</part>
		<part>
			<name>hand</name>
			<bndbox>
				<xmin>270.4597</xmin>
				<ymin>127.4839</ymin>
				<xmax>287.3952</xmax>
				<ymax>145.2258</ymax>
			</bndbox>
		</part>
		<part>
			<name>hand</name>
			<bndbox>
				<xmin>253.5242</xmin>
				<ymin>167</ymin>
				<xmax>276.1048</xmax>
				<ymax>187.1613</ymax>
			</bndbox>
		</part>
		<part>
			<name>foot</name>
			<bndbox>
				<xmin>199.0887</xmin>
				<ymin>313.371</ymin>
				<xmax>219.25</xmax>
				<ymax>327.8871</ymax>
			</bndbox>
		</part>
		<part>
			<name>foot</name>
			<bndbox>
				<xmin>234.9758</xmin>
				<ymin>308.5323</ymin>
				<xmax>273.6855</xmax>
				<ymax>321.8387</ymax>
			</bndbox>
		</part>
	</object>
	<object>
		<name>person</name>
		<pose>Unspecified</pose>
		<truncated>1</truncated>
		<difficult>0</difficult>
		<bndbox>
			<xmin>283</xmin>
			<ymin>55</ymin>
			<xmax>433</xmax>
			<ymax>330</ymax>
		</bndbox>
		<part>
			<name>head</name>
			<bndbox>
				<xmin>359.9758</xmin>
				<ymin>54.9032</ymin>
				<xmax>394.25</xmax>
				<ymax>100.0645</ymax>
			</bndbox>
		</part>
		<part>
			<name>hand</name>
			<bndbox>
				<xmin>379.7339</xmin>
				<ymin>105.3065</ymin>
				<xmax>401.1048</xmax>
				<ymax>130.7097</ymax>
			</bndbox>
		</part>
		<part>
			<name>hand</name>
			<bndbox>
				<xmin>271.6694</xmin>
				<ymin>128.2903</ymin>
				<xmax>287.7984</xmax>
				<ymax>147.6452</ymax>
			</bndbox>
		</part>
		<part>
			<name>foot</name>
			<bndbox>
				<xmin>417.6371</xmin>
				<ymin>311.7581</ymin>
				<xmax>433.3629</xmax>
				<ymax>329.9032</ymax>
			</bndbox>
		</part>
	</object>
	<object>
		<name>motorbike</name>
		<pose>Frontal</pose>
		<truncated>1</truncated>
		<difficult>0</difficult>
		<bndbox>
			<xmin>432</xmin>
			<ymin>95</ymin>
			<xmax>487</xmax>
			<ymax>150</ymax>
		</bndbox>
	</object>
</annotation>
