<annotation>
	<folder>VOC2007</folder>
	<filename>005884.jpg</filename>
	<source>
		<database>The VOC2007 Database</database>
		<annotation>PASCAL VOC2007</annotation>
		<image>flickr</image>
		<flickrid>305714401</flickrid>
	</source>
	<owner>
		<flickrid>oopa8000</flickrid>
		<name>Olli Urpela</name>
	</owner>
	<size>
		<width>500</width>
		<height>334</height>
		<depth>3</depth>
	</size>
	<segmented>0</segmented>
	<object>
		<name>motorbike</name>
		<pose>Right</pose>
		<truncated>0</truncated>
		<difficult>0</difficult>
		<bndbox>
			<xmin>56</xmin>
			<ymin>36</ymin>
			<xmax>370</xmax>
			<ymax>324</ymax>
		</bndbox>
	</object>
	<object>
		<name>person</name>
		<pose>Right</pose>
		<truncated>0</truncated>
		<difficult>0</difficult>
		<bndbox>
			<xmin>81</xmin>
			<ymin>39</ymin>
			<xmax>245</xmax>
			<ymax>212</ymax>
		</bndbox>
	</object>
</annotation>
