<annotation>
	<folder>VOC2007</folder>
	<filename>006272.jpg</filename>
	<source>
		<database>The VOC2007 Database</database>
		<annotation>PASCAL VOC2007</annotation>
		<image>flickr</image>
		<flickrid>292148846</flickrid>
	</source>
	<owner>
		<flickrid>mahalie</flickrid>
		<name>mahalie</name>
	</owner>
	<size>
		<width>355</width>
		<height>500</height>
		<depth>3</depth>
	</size>
	<segmented>0</segmented>
	<object>
		<name>person</name>
		<pose>Rear</pose>
		<truncated>0</truncated>
		<difficult>0</difficult>
		<bndbox>
			<xmin>71</xmin>
			<ymin>217</ymin>
			<xmax>146</xmax>
			<ymax>347</ymax>
		</bndbox>
		<part>
			<name>head</name>
			<bndbox>
				<xmin>95.9731</xmin>
				<ymin>217.4653</ymin>
				<xmax>115.0101</xmax>
				<ymax>239.3018</ymax>
			</bndbox>
		</part>
		<part>
			<name>hand</name>
			<bndbox>
				<xmin>135.7268</xmin>
				<ymin>274.0162</ymin>
				<xmax>146.3651</xmax>
				<ymax>281.855</ymax>
			</bndbox>
		</part>
		<part>
			<name>foot</name>
			<bndbox>
				<xmin>118.9295</xmin>
				<ymin>337.846</ymin>
				<xmax>135.1669</xmax>
				<ymax>347.9244</ymax>
			</bndbox>
		</part>
	</object>
	<object>
		<name>motorbike</name>
		<pose>Rear</pose>
		<truncated>0</truncated>
		<difficult>0</difficult>
		<bndbox>
			<xmin>72</xmin>
			<ymin>269</ymin>
			<xmax>133</xmax>
			<ymax>382</ymax>
		</bndbox>
	</object>
</annotation>
