<annotation>
	<folder>VOC2007</folder>
	<filename>006236.jpg</filename>
	<source>
		<database>The VOC2007 Database</database>
		<annotation>PASCAL VOC2007</annotation>
		<image>flickr</image>
		<flickrid>295062056</flickrid>
	</source>
	<owner>
		<flickrid>Glenn  Phillips</flickrid>
		<name>Glenn Phillips</name>
	</owner>
	<size>
		<width>375</width>
		<height>500</height>
		<depth>3</depth>
	</size>
	<segmented>0</segmented>
	<object>
		<name>motorbike</name>
		<pose>Right</pose>
		<truncated>0</truncated>
		<difficult>0</difficult>
		<bndbox>
			<xmin>4</xmin>
			<ymin>204</ymin>
			<xmax>339</xmax>
			<ymax>423</ymax>
		</bndbox>
	</object>
	<object>
		<name>motorbike</name>
		<pose>Unspecified</pose>
		<truncated>1</truncated>
		<difficult>1</difficult>
		<bndbox>
			<xmin>1</xmin>
			<ymin>208</ymin>
			<xmax>61</xmax>
			<ymax>350</ymax>
		</bndbox>
	</object>
	<object>
		<name>motorbike</name>
		<pose>Rear</pose>
		<truncated>1</truncated>
		<difficult>0</difficult>
		<bndbox>
			<xmin>302</xmin>
			<ymin>235</ymin>
			<xmax>375</xmax>
			<ymax>500</ymax>
		</bndbox>
	</object>
	<object>
		<name>person</name>
		<pose>Unspecified</pose>
		<truncated>0</truncated>
		<difficult>0</difficult>
		<bndbox>
			<xmin>98</xmin>
			<ymin>115</ymin>
			<xmax>220</xmax>
			<ymax>441</ymax>
		</bndbox>
		<part>
			<name>head</name>
			<bndbox>
				<xmin>116.6114</xmin>
				<ymin>117.2413</ymin>
				<xmax>149.6461</xmax>
				<ymax>162.5941</ymax>
			</bndbox>
		</part>
		<part>
			<name>hand</name>
			<bndbox>
				<xmin>185.4804</xmin>
				<ymin>220.8247</ymin>
				<xmax>215.7156</xmax>
				<ymax>238.182</ymax>
			</bndbox>
		</part>
		<part>
			<name>foot</name>
			<bndbox>
				<xmin>126.6898</xmin>
				<ymin>408.9546</ymin>
				<xmax>178.2016</xmax>
				<ymax>440.8695</ymax>
			</bndbox>
		</part>
		<part>
			<name>foot</name>
			<bndbox>
				<xmin>160.8443</xmin>
				<ymin>386.5582</ymin>
				<xmax>203.9574</xmax>
				<ymax>405.0353</ymax>
			</bndbox>
		</part>
	</object>
</annotation>
