<annotation>
	<folder>VOC2007</folder>
	<filename>006476.jpg</filename>
	<source>
		<database>The VOC2007 Database</database>
		<annotation>PASCAL VOC2007</annotation>
		<image>flickr</image>
		<flickrid>300070303</flickrid>
	</source>
	<owner>
		<flickrid>moxie mojo</flickrid>
		<name>Kristina/Krissi/Kris (you choose)</name>
	</owner>
	<size>
		<width>500</width>
		<height>368</height>
		<depth>3</depth>
	</size>
	<segmented>0</segmented>
	<object>
		<name>person</name>
		<pose>Rear</pose>
		<truncated>0</truncated>
		<difficult>0</difficult>
		<bndbox>
			<xmin>133</xmin>
			<ymin>198</ymin>
			<xmax>146</xmax>
			<ymax>238</ymax>
		</bndbox>
	</object>
	<object>
		<name>person</name>
		<pose>Frontal</pose>
		<truncated>1</truncated>
		<difficult>0</difficult>
		<bndbox>
			<xmin>256</xmin>
			<ymin>98</ymin>
			<xmax>447</xmax>
			<ymax>367</ymax>
		</bndbox>
	</object>
	<object>
		<name>motorbike</name>
		<pose>Unspecified</pose>
		<truncated>1</truncated>
		<difficult>0</difficult>
		<bndbox>
			<xmin>217</xmin>
			<ymin>200</ymin>
			<xmax>479</xmax>
			<ymax>367</ymax>
		</bndbox>
	</object>
</annotation>
