<annotation>
	<folder>VOC2007</folder>
	<filename>006839.jpg</filename>
	<source>
		<database>The VOC2007 Database</database>
		<annotation>PASCAL VOC2007</annotation>
		<image>flickr</image>
		<flickrid>317674714</flickrid>
	</source>
	<owner>
		<flickrid>technobohemian</flickrid>
		<name>nic beames</name>
	</owner>
	<size>
		<width>500</width>
		<height>375</height>
		<depth>3</depth>
	</size>
	<segmented>0</segmented>
	<object>
		<name>motorbike</name>
		<pose>Unspecified</pose>
		<truncated>0</truncated>
		<difficult>0</difficult>
		<bndbox>
			<xmin>29</xmin>
			<ymin>13</ymin>
			<xmax>459</xmax>
			<ymax>351</ymax>
		</bndbox>
	</object>
</annotation>
