<annotation>
	<folder>VOC2007</folder>
	<filename>008008.jpg</filename>
	<source>
		<database>The VOC2007 Database</database>
		<annotation>PASCAL VOC2007</annotation>
		<image>flickr</image>
		<flickrid>321627342</flickrid>
	</source>
	<owner>
		<flickrid>dirfoto</flickrid>
		<name>jun saitoh</name>
	</owner>
	<size>
		<width>500</width>
		<height>331</height>
		<depth>3</depth>
	</size>
	<segmented>0</segmented>
	<object>
		<name>motorbike</name>
		<pose>Frontal</pose>
		<truncated>0</truncated>
		<difficult>0</difficult>
		<bndbox>
			<xmin>189</xmin>
			<ymin>79</ymin>
			<xmax>336</xmax>
			<ymax>237</ymax>
		</bndbox>
	</object>
	<object>
		<name>motorbike</name>
		<pose>Left</pose>
		<truncated>1</truncated>
		<difficult>0</difficult>
		<bndbox>
			<xmin>130</xmin>
			<ymin>1</ymin>
			<xmax>217</xmax>
			<ymax>35</ymax>
		</bndbox>
	</object>
	<object>
		<name>person</name>
		<pose>Frontal</pose>
		<truncated>0</truncated>
		<difficult>0</difficult>
		<bndbox>
			<xmin>194</xmin>
			<ymin>35</ymin>
			<xmax>334</xmax>
			<ymax>226</ymax>
		</bndbox>
		<part>
			<name>head</name>
			<bndbox>
				<xmin>284.9758</xmin>
				<ymin>34.9516</ymin>
				<xmax>321.2661</xmax>
				<ymax>78.5</ymax>
			</bndbox>
		</part>
		<part>
			<name>hand</name>
			<bndbox>
				<xmin>239.0081</xmin>
				<ymin>74.4677</ymin>
				<xmax>251.5081</xmax>
				<ymax>89.7903</ymax>
			</bndbox>
		</part>
		<part>
			<name>hand</name>
			<bndbox>
				<xmin>320.0565</xmin>
				<ymin>132.5323</ymin>
				<xmax>334.5726</xmax>
				<ymax>153.9032</ymax>
			</bndbox>
		</part>
		<part>
			<name>foot</name>
			<bndbox>
				<xmin>263.6048</xmin>
				<ymin>200.6774</ymin>
				<xmax>299.0887</xmax>
				<ymax>226.8871</ymax>
			</bndbox>
		</part>
		<part>
			<name>foot</name>
			<bndbox>
				<xmin>194.25</xmin>
				<ymin>164.7903</ymin>
				<xmax>208.7661</xmax>
				<ymax>186.1613</ymax>
			</bndbox>
		</part>
	</object>
</annotation>
