<annotation>
	<folder>VOC2007</folder>
	<filename>008250.jpg</filename>
	<source>
		<database>The VOC2007 Database</database>
		<annotation>PASCAL VOC2007</annotation>
		<image>flickr</image>
		<flickrid>246783303</flickrid>
	</source>
	<owner>
		<flickrid>Tool - Wroclaw</flickrid>
		<name>Milosz J.</name>
	</owner>
	<size>
		<width>500</width>
		<height>375</height>
		<depth>3</depth>
	</size>
	<segmented>0</segmented>
	<object>
		<name>motorbike</name>
		<pose>Frontal</pose>
		<truncated>0</truncated>
		<difficult>0</difficult>
		<bndbox>
			<xmin>246</xmin>
			<ymin>157</ymin>
			<xmax>343</xmax>
			<ymax>305</ymax>
		</bndbox>
	</object>
	<object>
		<name>motorbike</name>
		<pose>Unspecified</pose>
		<truncated>0</truncated>
		<difficult>0</difficult>
		<bndbox>
			<xmin>119</xmin>
			<ymin>188</ymin>
			<xmax>261</xmax>
			<ymax>308</ymax>
		</bndbox>
	</object>
</annotation>
