<annotation>
	<folder>VOC2007</folder>
	<filename>008312.jpg</filename>
	<source>
		<database>The VOC2007 Database</database>
		<annotation>PASCAL VOC2007</annotation>
		<image>flickr</image>
		<flickrid>312082591</flickrid>
	</source>
	<owner>
		<flickrid>kasper.jeppesen</flickrid>
		<name>Kasper Jeppesen</name>
	</owner>
	<size>
		<width>375</width>
		<height>500</height>
		<depth>3</depth>
	</size>
	<segmented>0</segmented>
	<object>
		<name>motorbike</name>
		<pose>Unspecified</pose>
		<truncated>0</truncated>
		<difficult>0</difficult>
		<bndbox>
			<xmin>36</xmin>
			<ymin>143</ymin>
			<xmax>266</xmax>
			<ymax>440</ymax>
		</bndbox>
	</object>
	<object>
		<name>person</name>
		<pose>Unspecified</pose>
		<truncated>0</truncated>
		<difficult>0</difficult>
		<bndbox>
			<xmin>173</xmin>
			<ymin>79</ymin>
			<xmax>341</xmax>
			<ymax>401</ymax>
		</bndbox>
		<part>
			<name>head</name>
			<bndbox>
				<xmin>229.7133</xmin>
				<ymin>79.7273</ymin>
				<xmax>264.9877</xmax>
				<ymax>125.0801</ymax>
			</bndbox>
		</part>
		<part>
			<name>hand</name>
			<bndbox>
				<xmin>185.4804</xmin>
				<ymin>120.6008</ymin>
				<xmax>203.9574</xmax>
				<ymax>150.276</ymax>
			</bndbox>
		</part>
		<part>
			<name>foot</name>
			<bndbox>
				<xmin>302.5017</xmin>
				<ymin>331.687</ymin>
				<xmax>335.5364</xmax>
				<ymax>383.7587</ymax>
			</bndbox>
		</part>
		<part>
			<name>foot</name>
			<bndbox>
				<xmin>282.9048</xmin>
				<ymin>368.6411</ymin>
				<xmax>332.7368</xmax>
				<ymax>399.4362</ymax>
			</bndbox>
		</part>
	</object>
</annotation>
