<annotation>
	<folder>VOC2007</folder>
	<filename>008979.jpg</filename>
	<source>
		<database>The VOC2007 Database</database>
		<annotation>PASCAL VOC2007</annotation>
		<image>flickr</image>
		<flickrid>335091875</flickrid>
	</source>
	<owner>
		<flickrid>Damien_Toman</flickrid>
		<name>Damien Toman</name>
	</owner>
	<size>
		<width>500</width>
		<height>384</height>
		<depth>3</depth>
	</size>
	<segmented>0</segmented>
	<object>
		<name>motorbike</name>
		<pose>Unspecified</pose>
		<truncated>0</truncated>
		<difficult>0</difficult>
		<bndbox>
			<xmin>36</xmin>
			<ymin>41</ymin>
			<xmax>443</xmax>
			<ymax>351</ymax>
		</bndbox>
	</object>
	<object>
		<name>person</name>
		<pose>Unspecified</pose>
		<truncated>0</truncated>
		<difficult>0</difficult>
		<bndbox>
			<xmin>40</xmin>
			<ymin>31</ymin>
			<xmax>239</xmax>
			<ymax>322</ymax>
		</bndbox>
		<part>
			<name>head</name>
			<bndbox>
				<xmin>64.0901</xmin>
				<ymin>32.9658</ymin>
				<xmax>139.7721</xmax>
				<ymax>122.8382</ymax>
			</bndbox>
		</part>
		<part>
			<name>hand</name>
			<bndbox>
				<xmin>199.5437</xmin>
				<ymin>34.6859</ymin>
				<xmax>229.2144</xmax>
				<ymax>61.3466</ymax>
			</bndbox>
		</part>
		<part>
			<name>hand</name>
			<bndbox>
				<xmin>83.0106</xmin>
				<ymin>166.6993</ymin>
				<xmax>112.6814</xmax>
				<ymax>194.6501</ymax>
			</bndbox>
		</part>
		<part>
			<name>foot</name>
			<bndbox>
				<xmin>190.0834</xmin>
				<ymin>281.0823</ymin>
				<xmax>237.8147</xmax>
				<ymax>321.5034</ymax>
			</bndbox>
		</part>
	</object>
</annotation>
