<annotation>
	<folder>VOC2007</folder>
	<filename>009160.jpg</filename>
	<source>
		<database>The VOC2007 Database</database>
		<annotation>PASCAL VOC2007</annotation>
		<image>flickr</image>
		<flickrid>323772010</flickrid>
	</source>
	<owner>
		<flickrid>Neil Hobbs</flickrid>
		<name>Neil Hobbs</name>
	</owner>
	<size>
		<width>500</width>
		<height>333</height>
		<depth>3</depth>
	</size>
	<segmented>0</segmented>
	<object>
		<name>motorbike</name>
		<pose>Left</pose>
		<truncated>0</truncated>
		<difficult>0</difficult>
		<bndbox>
			<xmin>177</xmin>
			<ymin>142</ymin>
			<xmax>393</xmax>
			<ymax>317</ymax>
		</bndbox>
	</object>
	<object>
		<name>person</name>
		<pose>Unspecified</pose>
		<truncated>0</truncated>
		<difficult>0</difficult>
		<bndbox>
			<xmin>290</xmin>
			<ymin>47</ymin>
			<xmax>373</xmax>
			<ymax>156</ymax>
		</bndbox>
	</object>
</annotation>
