<annotation>
	<folder>VOC2007</folder>
	<filename>009209.jpg</filename>
	<source>
		<database>The VOC2007 Database</database>
		<annotation>PASCAL VOC2007</annotation>
		<image>flickr</image>
		<flickrid>299022676</flickrid>
	</source>
	<owner>
		<flickrid>Steve HMCC</flickrid>
		<name>Steve Parker</name>
	</owner>
	<size>
		<width>500</width>
		<height>375</height>
		<depth>3</depth>
	</size>
	<segmented>1</segmented>
	<object>
		<name>motorbike</name>
		<pose>Unspecified</pose>
		<truncated>0</truncated>
		<difficult>0</difficult>
		<bndbox>
			<xmin>139</xmin>
			<ymin>105</ymin>
			<xmax>274</xmax>
			<ymax>213</ymax>
		</bndbox>
	</object>
	<object>
		<name>person</name>
		<pose>Unspecified</pose>
		<truncated>0</truncated>
		<difficult>0</difficult>
		<bndbox>
			<xmin>146</xmin>
			<ymin>86</ymin>
			<xmax>225</xmax>
			<ymax>202</ymax>
		</bndbox>
	</object>
</annotation>
