<annotation>
	<folder>VOC2007</folder>
	<filename>009259.jpg</filename>
	<source>
		<database>The VOC2007 Database</database>
		<annotation>PASCAL VOC2007</annotation>
		<image>flickr</image>
		<flickrid>302483155</flickrid>
	</source>
	<owner>
		<flickrid>TeecNosPos</flickrid>
		<name>Frank Kehren</name>
	</owner>
	<size>
		<width>500</width>
		<height>333</height>
		<depth>3</depth>
	</size>
	<segmented>0</segmented>
	<object>
		<name>person</name>
		<pose>Right</pose>
		<truncated>0</truncated>
		<difficult>0</difficult>
		<bndbox>
			<xmin>211</xmin>
			<ymin>98</ymin>
			<xmax>295</xmax>
			<ymax>192</ymax>
		</bndbox>
	</object>
	<object>
		<name>motorbike</name>
		<pose>Right</pose>
		<truncated>0</truncated>
		<difficult>0</difficult>
		<bndbox>
			<xmin>167</xmin>
			<ymin>121</ymin>
			<xmax>339</xmax>
			<ymax>232</ymax>
		</bndbox>
	</object>
</annotation>
