<annotation>
	<folder>VOC2007</folder>
	<filename>009230.jpg</filename>
	<source>
		<database>The VOC2007 Database</database>
		<annotation>PASCAL VOC2007</annotation>
		<image>flickr</image>
		<flickrid>292637792</flickrid>
	</source>
	<owner>
		<flickrid>keibun's Flickr</flickrid>
		<name>?</name>
	</owner>
	<size>
		<width>500</width>
		<height>375</height>
		<depth>3</depth>
	</size>
	<segmented>0</segmented>
	<object>
		<name>person</name>
		<pose>Unspecified</pose>
		<truncated>1</truncated>
		<difficult>0</difficult>
		<bndbox>
			<xmin>126</xmin>
			<ymin>46</ymin>
			<xmax>326</xmax>
			<ymax>250</ymax>
		</bndbox>
		<part>
			<name>head</name>
			<bndbox>
				<xmin>263.7279</xmin>
				<ymin>46.9026</ymin>
				<xmax>322.0985</xmax>
				<ymax>125.0101</ymax>
			</bndbox>
		</part>
		<part>
			<name>hand</name>
			<bndbox>
				<xmin>298.5823</xmin>
				<ymin>143.0672</ymin>
				<xmax>328.8175</xmax>
				<ymax>172.8824</ymax>
			</bndbox>
		</part>
		<part>
			<name>foot</name>
			<bndbox>
				<xmin>122.2105</xmin>
				<ymin>205.6372</ymin>
				<xmax>157.9048</xmax>
				<ymax>253.9295</ymax>
			</bndbox>
		</part>
	</object>
	<object>
		<name>motorbike</name>
		<pose>Unspecified</pose>
		<truncated>0</truncated>
		<difficult>0</difficult>
		<bndbox>
			<xmin>1</xmin>
			<ymin>100</ymin>
			<xmax>361</xmax>
			<ymax>375</ymax>
		</bndbox>
	</object>
</annotation>
