<annotation>
	<folder>VOC2007</folder>
	<filename>009504.jpg</filename>
	<source>
		<database>The VOC2007 Database</database>
		<annotation>PASCAL VOC2007</annotation>
		<image>flickr</image>
		<flickrid>318513514</flickrid>
	</source>
	<owner>
		<flickrid>Gaspa</flickrid>
		<name>Francesco Gasparetti</name>
	</owner>
	<size>
		<width>480</width>
		<height>500</height>
		<depth>3</depth>
	</size>
	<segmented>0</segmented>
	<object>
		<name>motorbike</name>
		<pose>Rear</pose>
		<truncated>0</truncated>
		<difficult>0</difficult>
		<bndbox>
			<xmin>105</xmin>
			<ymin>106</ymin>
			<xmax>324</xmax>
			<ymax>482</ymax>
		</bndbox>
	</object>
	<object>
		<name>person</name>
		<pose>Rear</pose>
		<truncated>0</truncated>
		<difficult>0</difficult>
		<bndbox>
			<xmin>137</xmin>
			<ymin>51</ymin>
			<xmax>395</xmax>
			<ymax>442</ymax>
		</bndbox>
	</object>
</annotation>
