<annotation>
	<folder>VOC2007</folder>
	<filename>009573.jpg</filename>
	<source>
		<database>The VOC2007 Database</database>
		<annotation>PASCAL VOC2007</annotation>
		<image>flickr</image>
		<flickrid>318973589</flickrid>
	</source>
	<owner>
		<flickrid>zamario</flickrid>
		<name>Mario</name>
	</owner>
	<size>
		<width>500</width>
		<height>337</height>
		<depth>3</depth>
	</size>
	<segmented>0</segmented>
	<object>
		<name>motorbike</name>
		<pose>Rear</pose>
		<truncated>0</truncated>
		<difficult>0</difficult>
		<bndbox>
			<xmin>274</xmin>
			<ymin>136</ymin>
			<xmax>455</xmax>
			<ymax>295</ymax>
		</bndbox>
	</object>
	<object>
		<name>person</name>
		<pose>Rear</pose>
		<truncated>0</truncated>
		<difficult>0</difficult>
		<bndbox>
			<xmin>155</xmin>
			<ymin>47</ymin>
			<xmax>432</xmax>
			<ymax>291</ymax>
		</bndbox>
	</object>
</annotation>
