<annotation>
	<folder>VOC2007</folder>
	<filename>009944.jpg</filename>
	<source>
		<database>The VOC2007 Database</database>
		<annotation>PASCAL VOC2007</annotation>
		<image>flickr</image>
		<flickrid>322219252</flickrid>
	</source>
	<owner>
		<flickrid>dirfoto</flickrid>
		<name>jun saitoh</name>
	</owner>
	<size>
		<width>500</width>
		<height>331</height>
		<depth>3</depth>
	</size>
	<segmented>0</segmented>
	<object>
		<name>motorbike</name>
		<pose>Unspecified</pose>
		<truncated>0</truncated>
		<difficult>0</difficult>
		<bndbox>
			<xmin>87</xmin>
			<ymin>120</ymin>
			<xmax>329</xmax>
			<ymax>291</ymax>
		</bndbox>
	</object>
	<object>
		<name>person</name>
		<pose>Unspecified</pose>
		<truncated>0</truncated>
		<difficult>0</difficult>
		<bndbox>
			<xmin>145</xmin>
			<ymin>38</ymin>
			<xmax>305</xmax>
			<ymax>290</ymax>
		</bndbox>
		<part>
			<name>head</name>
			<bndbox>
				<xmin>233</xmin>
				<ymin>39</ymin>
				<xmax>294</xmax>
				<ymax>96</ymax>
			</bndbox>
		</part>
		<part>
			<name>hand</name>
			<bndbox>
				<xmin>166</xmin>
				<ymin>106</ymin>
				<xmax>192</xmax>
				<ymax>131</ymax>
			</bndbox>
		</part>
		<part>
			<name>hand</name>
			<bndbox>
				<xmin>211</xmin>
				<ymin>179</ymin>
				<xmax>243</xmax>
				<ymax>208</ymax>
			</bndbox>
		</part>
		<part>
			<name>foot</name>
			<bndbox>
				<xmin>145</xmin>
				<ymin>250</ymin>
				<xmax>186</xmax>
				<ymax>289</ymax>
			</bndbox>
		</part>
	</object>
</annotation>
